tag,activation,n_layers,width,t,l2_u,l2_v,l2_p,final_loss,training_time_seconds,model_path,plot_path
act-SiLU_L3_W64,SiLU,3,64,2.0,0.22803844511508942,0.22762005031108856,1.501878261566162,0.0005461085820570588,122.28477122899994,/content/drive/MyDrive/PINN_NavierStokes_sweep/models/act-SiLU_L3_W64.pt,/content/drive/MyDrive/PINN_NavierStokes_sweep/plots/act-SiLU_L3_W64.png
act-SiLU_L3_W64,SiLU,3,64,10.0,0.8191176652908325,0.8181215524673462,1.0519263744354248,0.0005461085820570588,122.28477122899994,/content/drive/MyDrive/PINN_NavierStokes_sweep/models/act-SiLU_L3_W64.pt,/content/drive/MyDrive/PINN_NavierStokes_sweep/plots/act-SiLU_L3_W64.png
act-SiLU_L3_W64,SiLU,3,64,32.0,1.0021395683288574,1.0000323057174683,1.160963773727417,0.0005461085820570588,122.28477122899994,/content/drive/MyDrive/PINN_NavierStokes_sweep/models/act-SiLU_L3_W64.pt,/content/drive/MyDrive/PINN_NavierStokes_sweep/plots/act-SiLU_L3_W64.png
act-SiLU_L3_W64,SiLU,3,64,50.0,1.0054821968078613,1.0003814697265625,2.4008798599243164,0.0005461085820570588,122.28477122899994,/content/drive/MyDrive/PINN_NavierStokes_sweep/models/act-SiLU_L3_W64.pt,/content/drive/MyDrive/PINN_NavierStokes_sweep/plots/act-SiLU_L3_W64.png
act-SiLU_L3_W64,SiLU,3,64,100.0,1.026878833770752,1.009714126586914,43.08609390258789,0.0005461085820570588,122.28477122899994,/content/drive/MyDrive/PINN_NavierStokes_sweep/models/act-SiLU_L3_W64.pt,/content/drive/MyDrive/PINN_NavierStokes_sweep/plots/act-SiLU_L3_W64.png
act-SiLU_L3_W128,SiLU,3,128,2.0,0.16535630822181702,0.1675041764974594,1.3577978610992432,0.00041866255924105644,118.64707555799998,/content/drive/MyDrive/PINN_NavierStokes_sweep/models/act-SiLU_L3_W128.pt,/content/drive/MyDrive/PINN_NavierStokes_sweep/plots/act-SiLU_L3_W128.png
act-SiLU_L3_W128,SiLU,3,128,10.0,0.7182353734970093,0.7215465307235718,2.3950672149658203,0.00041866255924105644,118.64707555799998,/content/drive/MyDrive/PINN_NavierStokes_sweep/models/act-SiLU_L3_W128.pt,/content/drive/MyDrive/PINN_NavierStokes_sweep/plots/act-SiLU_L3_W128.png
act-SiLU_L3_W128,SiLU,3,128,32.0,1.000225305557251,0.9986993670463562,5.409529209136963,0.00041866255924105644,118.64707555799998,/content/drive/MyDrive/PINN_NavierStokes_sweep/models/act-SiLU_L3_W128.pt,/content/drive/MyDrive/PINN_NavierStokes_sweep/plots/act-SiLU_L3_W128.png
act-SiLU_L3_W128,SiLU,3,128,50.0,1.0052601099014282,1.0073908567428589,8.647411346435547,0.00041866255924105644,118.64707555799998,/content/drive/MyDrive/PINN_NavierStokes_sweep/models/act-SiLU_L3_W128.pt,/content/drive/MyDrive/PINN_NavierStokes_sweep/plots/act-SiLU_L3_W128.png
act-SiLU_L3_W128,SiLU,3,128,100.0,1.08835768699646,1.004371166229248,92.4121322631836,0.00041866255924105644,118.64707555799998,/content/drive/MyDrive/PINN_NavierStokes_sweep/models/act-SiLU_L3_W128.pt,/content/drive/MyDrive/PINN_NavierStokes_sweep/plots/act-SiLU_L3_W128.png
act-SiLU_L3_W256,SiLU,3,256,2.0,0.14706894755363464,0.1478886902332306,0.3775515854358673,0.0004420900368131697,127.67412967999996,/content/drive/MyDrive/PINN_NavierStokes_sweep/models/act-SiLU_L3_W256.pt,/content/drive/MyDrive/PINN_NavierStokes_sweep/plots/act-SiLU_L3_W256.png
act-SiLU_L3_W256,SiLU,3,256,10.0,0.6573248505592346,0.6588507294654846,2.1426758766174316,0.0004420900368131697,127.67412967999996,/content/drive/MyDrive/PINN_NavierStokes_sweep/models/act-SiLU_L3_W256.pt,/content/drive/MyDrive/PINN_NavierStokes_sweep/plots/act-SiLU_L3_W256.png
act-SiLU_L3_W256,SiLU,3,256,32.0,0.9966626763343811,0.9967312812805176,4.468057632446289,0.0004420900368131697,127.67412967999996,/content/drive/MyDrive/PINN_NavierStokes_sweep/models/act-SiLU_L3_W256.pt,/content/drive/MyDrive/PINN_NavierStokes_sweep/plots/act-SiLU_L3_W256.png
act-SiLU_L3_W256,SiLU,3,256,50.0,1.0022556781768799,1.002367377281189,7.768068313598633,0.0004420900368131697,127.67412967999996,/content/drive/MyDrive/PINN_NavierStokes_sweep/models/act-SiLU_L3_W256.pt,/content/drive/MyDrive/PINN_NavierStokes_sweep/plots/act-SiLU_L3_W256.png
act-SiLU_L3_W256,SiLU,3,256,100.0,1.003496766090393,1.0062581300735474,85.52664947509766,0.0004420900368131697,127.67412967999996,/content/drive/MyDrive/PINN_NavierStokes_sweep/models/act-SiLU_L3_W256.pt,/content/drive/MyDrive/PINN_NavierStokes_sweep/plots/act-SiLU_L3_W256.png
act-SiLU_L3_W512,SiLU,3,512,2.0,0.16799665987491608,0.16638530790805817,1.4043973684310913,0.0004730876535177231,152.04858374399987,/content/drive/MyDrive/PINN_NavierStokes_sweep/models/act-SiLU_L3_W512.pt,/content/drive/MyDrive/PINN_NavierStokes_sweep/plots/act-SiLU_L3_W512.png
act-SiLU_L3_W512,SiLU,3,512,10.0,0.7532943487167358,0.7548677325248718,1.2659505605697632,0.0004730876535177231,152.04858374399987,/content/drive/MyDrive/PINN_NavierStokes_sweep/models/act-SiLU_L3_W512.pt,/content/drive/MyDrive/PINN_NavierStokes_sweep/plots/act-SiLU_L3_W512.png
act-SiLU_L3_W512,SiLU,3,512,32.0,1.0001248121261597,1.0009735822677612,4.451313495635986,0.0004730876535177231,152.04858374399987,/content/drive/MyDrive/PINN_NavierStokes_sweep/models/act-SiLU_L3_W512.pt,/content/drive/MyDrive/PINN_NavierStokes_sweep/plots/act-SiLU_L3_W512.png
act-SiLU_L3_W512,SiLU,3,512,50.0,1.0015084743499756,1.0066487789154053,9.8999662399292,0.0004730876535177231,152.04858374399987,/content/drive/MyDrive/PINN_NavierStokes_sweep/models/act-SiLU_L3_W512.pt,/content/drive/MyDrive/PINN_NavierStokes_sweep/plots/act-SiLU_L3_W512.png
act-SiLU_L3_W512,SiLU,3,512,100.0,1.0495431423187256,1.2509819269180298,105.00067901611328,0.0004730876535177231,152.04858374399987,/content/drive/MyDrive/PINN_NavierStokes_sweep/models/act-SiLU_L3_W512.pt,/content/drive/MyDrive/PINN_NavierStokes_sweep/plots/act-SiLU_L3_W512.png
act-SiLU_L4_W64,SiLU,4,64,2.0,0.20459914207458496,0.20121055841445923,0.44885534048080444,0.0005117683904245496,143.56532568500006,/content/drive/MyDrive/PINN_NavierStokes_sweep/models/act-SiLU_L4_W64.pt,/content/drive/MyDrive/PINN_NavierStokes_sweep/plots/act-SiLU_L4_W64.png
act-SiLU_L4_W64,SiLU,4,64,10.0,0.8120624423027039,0.8115331530570984,2.335783004760742,0.0005117683904245496,143.56532568500006,/content/drive/MyDrive/PINN_NavierStokes_sweep/models/act-SiLU_L4_W64.pt,/content/drive/MyDrive/PINN_NavierStokes_sweep/plots/act-SiLU_L4_W64.png
act-SiLU_L4_W64,SiLU,4,64,32.0,0.9989047646522522,0.9983770251274109,7.858588218688965,0.0005117683904245496,143.56532568500006,/content/drive/MyDrive/PINN_NavierStokes_sweep/models/act-SiLU_L4_W64.pt,/content/drive/MyDrive/PINN_NavierStokes_sweep/plots/act-SiLU_L4_W64.png
act-SiLU_L4_W64,SiLU,4,64,50.0,1.0004607439041138,1.0001587867736816,15.448678970336914,0.0005117683904245496,143.56532568500006,/content/drive/MyDrive/PINN_NavierStokes_sweep/models/act-SiLU_L4_W64.pt,/content/drive/MyDrive/PINN_NavierStokes_sweep/plots/act-SiLU_L4_W64.png
act-SiLU_L4_W64,SiLU,4,64,100.0,1.0034959316253662,1.0002615451812744,63.30548095703125,0.0005117683904245496,143.56532568500006,/content/drive/MyDrive/PINN_NavierStokes_sweep/models/act-SiLU_L4_W64.pt,/content/drive/MyDrive/PINN_NavierStokes_sweep/plots/act-SiLU_L4_W64.png
act-SiLU_L4_W128,SiLU,4,128,2.0,0.12214288115501404,0.12603859603405,2.028395414352417,0.00035380147164687514,151.38755775000004,/content/drive/MyDrive/PINN_NavierStokes_sweep/models/act-SiLU_L4_W128.pt,/content/drive/MyDrive/PINN_NavierStokes_sweep/plots/act-SiLU_L4_W128.png
act-SiLU_L4_W128,SiLU,4,128,10.0,0.6005178093910217,0.5980281233787537,2.437122106552124,0.00035380147164687514,151.38755775000004,/content/drive/MyDrive/PINN_NavierStokes_sweep/models/act-SiLU_L4_W128.pt,/content/drive/MyDrive/PINN_NavierStokes_sweep/plots/act-SiLU_L4_W128.png
act-SiLU_L4_W128,SiLU,4,128,32.0,0.9921446442604065,0.9913028478622437,2.957298755645752,0.00035380147164687514,151.38755775000004,/content/drive/MyDrive/PINN_NavierStokes_sweep/models/act-SiLU_L4_W128.pt,/content/drive/MyDrive/PINN_NavierStokes_sweep/plots/act-SiLU_L4_W128.png
act-SiLU_L4_W128,SiLU,4,128,50.0,1.000988245010376,1.0007120370864868,4.069731712341309,0.00035380147164687514,151.38755775000004,/content/drive/MyDrive/PINN_NavierStokes_sweep/models/act-SiLU_L4_W128.pt,/content/drive/MyDrive/PINN_NavierStokes_sweep/plots/act-SiLU_L4_W128.png
act-SiLU_L4_W128,SiLU,4,128,100.0,1.0041030645370483,1.004443645477295,19.437471389770508,0.00035380147164687514,151.38755775000004,/content/drive/MyDrive/PINN_NavierStokes_sweep/models/act-SiLU_L4_W128.pt,/content/drive/MyDrive/PINN_NavierStokes_sweep/plots/act-SiLU_L4_W128.png
act-SiLU_L4_W256,SiLU,4,256,2.0,0.12706689536571503,0.1280713975429535,0.25557848811149597,0.0003467213246040046,163.5311289660001,/content/drive/MyDrive/PINN_NavierStokes_sweep/models/act-SiLU_L4_W256.pt,/content/drive/MyDrive/PINN_NavierStokes_sweep/plots/act-SiLU_L4_W256.png
act-SiLU_L4_W256,SiLU,4,256,10.0,0.5816653966903687,0.5824947357177734,1.6395893096923828,0.0003467213246040046,163.5311289660001,/content/drive/MyDrive/PINN_NavierStokes_sweep/models/act-SiLU_L4_W256.pt,/content/drive/MyDrive/PINN_NavierStokes_sweep/plots/act-SiLU_L4_W256.png
act-SiLU_L4_W256,SiLU,4,256,32.0,0.9888343214988708,0.9884467720985413,6.196223258972168,0.0003467213246040046,163.5311289660001,/content/drive/MyDrive/PINN_NavierStokes_sweep/models/act-SiLU_L4_W256.pt,/content/drive/MyDrive/PINN_NavierStokes_sweep/plots/act-SiLU_L4_W256.png
act-SiLU_L4_W256,SiLU,4,256,50.0,0.998961329460144,0.9987117648124695,14.079574584960938,0.0003467213246040046,163.5311289660001,/content/drive/MyDrive/PINN_NavierStokes_sweep/models/act-SiLU_L4_W256.pt,/content/drive/MyDrive/PINN_NavierStokes_sweep/plots/act-SiLU_L4_W256.png
act-SiLU_L4_W256,SiLU,4,256,100.0,1.0033717155456543,1.0010405778884888,91.1377182006836,0.0003467213246040046,163.5311289660001,/content/drive/MyDrive/PINN_NavierStokes_sweep/models/act-SiLU_L4_W256.pt,/content/drive/MyDrive/PINN_NavierStokes_sweep/plots/act-SiLU_L4_W256.png
act-SiLU_L4_W512,SiLU,4,512,2.0,0.14007173478603363,0.1390955001115799,0.3175200819969177,0.00027157034492120147,186.0139004130001,/content/drive/MyDrive/PINN_NavierStokes_sweep/models/act-SiLU_L4_W512.pt,/content/drive/MyDrive/PINN_NavierStokes_sweep/plots/act-SiLU_L4_W512.png
act-SiLU_L4_W512,SiLU,4,512,10.0,0.6546699404716492,0.6534469723701477,0.9109721183776855,0.00027157034492120147,186.0139004130001,/content/drive/MyDrive/PINN_NavierStokes_sweep/models/act-SiLU_L4_W512.pt,/content/drive/MyDrive/PINN_NavierStokes_sweep/plots/act-SiLU_L4_W512.png
act-SiLU_L4_W512,SiLU,4,512,32.0,0.9957202076911926,0.9966177940368652,1.0688035488128662,0.00027157034492120147,186.0139004130001,/content/drive/MyDrive/PINN_NavierStokes_sweep/models/act-SiLU_L4_W512.pt,/content/drive/MyDrive/PINN_NavierStokes_sweep/plots/act-SiLU_L4_W512.png
act-SiLU_L4_W512,SiLU,4,512,50.0,1.0000051259994507,1.0042692422866821,1.2732517719268799,0.00027157034492120147,186.0139004130001,/content/drive/MyDrive/PINN_NavierStokes_sweep/models/act-SiLU_L4_W512.pt,/content/drive/MyDrive/PINN_NavierStokes_sweep/plots/act-SiLU_L4_W512.png
act-SiLU_L4_W512,SiLU,4,512,100.0,1.008446216583252,1.0366766452789307,31.88161849975586,0.00027157034492120147,186.0139004130001,/content/drive/MyDrive/PINN_NavierStokes_sweep/models/act-SiLU_L4_W512.pt,/content/drive/MyDrive/PINN_NavierStokes_sweep/plots/act-SiLU_L4_W512.png
act-SiLU_L5_W64,SiLU,5,64,2.0,0.28798437118530273,0.28037646412849426,2.2025487422943115,0.000628634006716311,171.70933267600003,/content/drive/MyDrive/PINN_NavierStokes_sweep/models/act-SiLU_L5_W64.pt,/content/drive/MyDrive/PINN_NavierStokes_sweep/plots/act-SiLU_L5_W64.png
act-SiLU_L5_W64,SiLU,5,64,10.0,0.8721995949745178,0.8757743835449219,3.3527584075927734,0.000628634006716311,171.70933267600003,/content/drive/MyDrive/PINN_NavierStokes_sweep/models/act-SiLU_L5_W64.pt,/content/drive/MyDrive/PINN_NavierStokes_sweep/plots/act-SiLU_L5_W64.png
act-SiLU_L5_W64,SiLU,5,64,32.0,1.000484824180603,0.9995192885398865,8.563173294067383,0.000628634006716311,171.70933267600003,/content/drive/MyDrive/PINN_NavierStokes_sweep/models/act-SiLU_L5_W64.pt,/content/drive/MyDrive/PINN_NavierStokes_sweep/plots/act-SiLU_L5_W64.png
act-SiLU_L5_W64,SiLU,5,64,50.0,1.0007168054580688,0.9996885061264038,17.82072639465332,0.000628634006716311,171.70933267600003,/content/drive/MyDrive/PINN_NavierStokes_sweep/models/act-SiLU_L5_W64.pt,/content/drive/MyDrive/PINN_NavierStokes_sweep/plots/act-SiLU_L5_W64.png
act-SiLU_L5_W64,SiLU,5,64,100.0,1.0009715557098389,1.0150595903396606,113.0283203125,0.000628634006716311,171.70933267600003,/content/drive/MyDrive/PINN_NavierStokes_sweep/models/act-SiLU_L5_W64.pt,/content/drive/MyDrive/PINN_NavierStokes_sweep/plots/act-SiLU_L5_W64.png
act-SiLU_L5_W128,SiLU,5,128,2.0,0.13751110434532166,0.13598483800888062,0.6830661296844482,0.00040255876956507564,180.18390480000016,/content/drive/MyDrive/PINN_NavierStokes_sweep/models/act-SiLU_L5_W128.pt,/content/drive/MyDrive/PINN_NavierStokes_sweep/plots/act-SiLU_L5_W128.png
act-SiLU_L5_W128,SiLU,5,128,10.0,0.6243424415588379,0.6283584237098694,1.6004664897918701,0.00040255876956507564,180.18390480000016,/content/drive/MyDrive/PINN_NavierStokes_sweep/models/act-SiLU_L5_W128.pt,/content/drive/MyDrive/PINN_NavierStokes_sweep/plots/act-SiLU_L5_W128.png
act-SiLU_L5_W128,SiLU,5,128,32.0,0.9909557104110718,0.9894030094146729,1.2126264572143555,0.00040255876956507564,180.18390480000016,/content/drive/MyDrive/PINN_NavierStokes_sweep/models/act-SiLU_L5_W128.pt,/content/drive/MyDrive/PINN_NavierStokes_sweep/plots/act-SiLU_L5_W128.png
act-SiLU_L5_W128,SiLU,5,128,50.0,1.0007960796356201,1.0001822710037231,1.115681767463684,0.00040255876956507564,180.18390480000016,/content/drive/MyDrive/PINN_NavierStokes_sweep/models/act-SiLU_L5_W128.pt,/content/drive/MyDrive/PINN_NavierStokes_sweep/plots/act-SiLU_L5_W128.png
act-SiLU_L5_W128,SiLU,5,128,100.0,1.008087158203125,1.0085257291793823,1.4640874862670898,0.00040255876956507564,180.18390480000016,/content/drive/MyDrive/PINN_NavierStokes_sweep/models/act-SiLU_L5_W128.pt,/content/drive/MyDrive/PINN_NavierStokes_sweep/plots/act-SiLU_L5_W128.png
act-SiLU_L5_W256,SiLU,5,256,2.0,0.146047443151474,0.14245401322841644,0.26149746775627136,0.0003036667185369879,192.31200450200004,/content/drive/MyDrive/PINN_NavierStokes_sweep/models/act-SiLU_L5_W256.pt,/content/drive/MyDrive/PINN_NavierStokes_sweep/plots/act-SiLU_L5_W256.png
act-SiLU_L5_W256,SiLU,5,256,10.0,0.661277174949646,0.662507951259613,1.5103192329406738,0.0003036667185369879,192.31200450200004,/content/drive/MyDrive/PINN_NavierStokes_sweep/models/act-SiLU_L5_W256.pt,/content/drive/MyDrive/PINN_NavierStokes_sweep/plots/act-SiLU_L5_W256.png
act-SiLU_L5_W256,SiLU,5,256,32.0,0.997853696346283,0.9972974061965942,8.250679016113281,0.0003036667185369879,192.31200450200004,/content/drive/MyDrive/PINN_NavierStokes_sweep/models/act-SiLU_L5_W256.pt,/content/drive/MyDrive/PINN_NavierStokes_sweep/plots/act-SiLU_L5_W256.png
act-SiLU_L5_W256,SiLU,5,256,50.0,1.0019299983978271,1.000486135482788,17.138853073120117,0.0003036667185369879,192.31200450200004,/content/drive/MyDrive/PINN_NavierStokes_sweep/models/act-SiLU_L5_W256.pt,/content/drive/MyDrive/PINN_NavierStokes_sweep/plots/act-SiLU_L5_W256.png
act-SiLU_L5_W256,SiLU,5,256,100.0,1.010195255279541,0.9997303485870361,125.84232330322266,0.0003036667185369879,192.31200450200004,/content/drive/MyDrive/PINN_NavierStokes_sweep/models/act-SiLU_L5_W256.pt,/content/drive/MyDrive/PINN_NavierStokes_sweep/plots/act-SiLU_L5_W256.png
act-SiLU_L5_W512,SiLU,5,512,2.0,0.13505350053310394,0.12270818650722504,0.3816426992416382,0.00036727351834997535,217.29149661200017,/content/drive/MyDrive/PINN_NavierStokes_sweep/models/act-SiLU_L5_W512.pt,/content/drive/MyDrive/PINN_NavierStokes_sweep/plots/act-SiLU_L5_W512.png
act-SiLU_L5_W512,SiLU,5,512,10.0,0.6018430590629578,0.5982861518859863,0.8637433052062988,0.00036727351834997535,217.29149661200017,/content/drive/MyDrive/PINN_NavierStokes_sweep/models/act-SiLU_L5_W512.pt,/content/drive/MyDrive/PINN_NavierStokes_sweep/plots/act-SiLU_L5_W512.png
act-SiLU_L5_W512,SiLU,5,512,32.0,0.9934821724891663,0.9924002289772034,1.4721823930740356,0.00036727351834997535,217.29149661200017,/content/drive/MyDrive/PINN_NavierStokes_sweep/models/act-SiLU_L5_W512.pt,/content/drive/MyDrive/PINN_NavierStokes_sweep/plots/act-SiLU_L5_W512.png
act-SiLU_L5_W512,SiLU,5,512,50.0,1.0018121004104614,1.0031307935714722,2.475705146789551,0.00036727351834997535,217.29149661200017,/content/drive/MyDrive/PINN_NavierStokes_sweep/models/act-SiLU_L5_W512.pt,/content/drive/MyDrive/PINN_NavierStokes_sweep/plots/act-SiLU_L5_W512.png
act-SiLU_L5_W512,SiLU,5,512,100.0,1.0041097402572632,1.029521107673645,15.142274856567383,0.00036727351834997535,217.29149661200017,/content/drive/MyDrive/PINN_NavierStokes_sweep/models/act-SiLU_L5_W512.pt,/content/drive/MyDrive/PINN_NavierStokes_sweep/plots/act-SiLU_L5_W512.png
act-GELU_L3_W64,GELU,3,64,2.0,0.2726054787635803,0.2667675018310547,1.1301487684249878,0.0007192681659944355,111.02445393599965,/content/drive/MyDrive/PINN_NavierStokes_sweep/models/act-GELU_L3_W64.pt,/content/drive/MyDrive/PINN_NavierStokes_sweep/plots/act-GELU_L3_W64.png
act-GELU_L3_W64,GELU,3,64,10.0,0.8744288682937622,0.8719860315322876,1.241499900817871,0.0007192681659944355,111.02445393599965,/content/drive/MyDrive/PINN_NavierStokes_sweep/models/act-GELU_L3_W64.pt,/content/drive/MyDrive/PINN_NavierStokes_sweep/plots/act-GELU_L3_W64.png
act-GELU_L3_W64,GELU,3,64,32.0,1.0105417966842651,1.0042725801467896,1.156381607055664,0.0007192681659944355,111.02445393599965,/content/drive/MyDrive/PINN_NavierStokes_sweep/models/act-GELU_L3_W64.pt,/content/drive/MyDrive/PINN_NavierStokes_sweep/plots/act-GELU_L3_W64.png
act-GELU_L3_W64,GELU,3,64,50.0,1.0189208984375,1.0069035291671753,1.204217791557312,0.0007192681659944355,111.02445393599965,/content/drive/MyDrive/PINN_NavierStokes_sweep/models/act-GELU_L3_W64.pt,/content/drive/MyDrive/PINN_NavierStokes_sweep/plots/act-GELU_L3_W64.png
act-GELU_L3_W64,GELU,3,64,100.0,1.0174247026443481,1.1247762441635132,16.136669158935547,0.0007192681659944355,111.02445393599965,/content/drive/MyDrive/PINN_NavierStokes_sweep/models/act-GELU_L3_W64.pt,/content/drive/MyDrive/PINN_NavierStokes_sweep/plots/act-GELU_L3_W64.png
act-GELU_L3_W128,GELU,3,128,2.0,0.1442280262708664,0.1442866027355194,0.29483991861343384,0.00032982658012770116,108.27373914600003,/content/drive/MyDrive/PINN_NavierStokes_sweep/models/act-GELU_L3_W128.pt,/content/drive/MyDrive/PINN_NavierStokes_sweep/plots/act-GELU_L3_W128.png
act-GELU_L3_W128,GELU,3,128,10.0,0.630454957485199,0.6321178674697876,0.9775342345237732,0.00032982658012770116,108.27373914600003,/content/drive/MyDrive/PINN_NavierStokes_sweep/models/act-GELU_L3_W128.pt,/content/drive/MyDrive/PINN_NavierStokes_sweep/plots/act-GELU_L3_W128.png
act-GELU_L3_W128,GELU,3,128,32.0,0.9975361227989197,0.9991850256919861,3.719158411026001,0.00032982658012770116,108.27373914600003,/content/drive/MyDrive/PINN_NavierStokes_sweep/models/act-GELU_L3_W128.pt,/content/drive/MyDrive/PINN_NavierStokes_sweep/plots/act-GELU_L3_W128.png
act-GELU_L3_W128,GELU,3,128,50.0,1.0002127885818481,1.005136489868164,11.837528228759766,0.00032982658012770116,108.27373914600003,/content/drive/MyDrive/PINN_NavierStokes_sweep/models/act-GELU_L3_W128.pt,/content/drive/MyDrive/PINN_NavierStokes_sweep/plots/act-GELU_L3_W128.png
act-GELU_L3_W128,GELU,3,128,100.0,1.0145654678344727,1.019751787185669,186.5824432373047,0.00032982658012770116,108.27373914600003,/content/drive/MyDrive/PINN_NavierStokes_sweep/models/act-GELU_L3_W128.pt,/content/drive/MyDrive/PINN_NavierStokes_sweep/plots/act-GELU_L3_W128.png
act-GELU_L3_W256,GELU,3,256,2.0,0.1395222246646881,0.13660892844200134,1.0830106735229492,0.00031608715653419495,133.63135168300005,/content/drive/MyDrive/PINN_NavierStokes_sweep/models/act-GELU_L3_W256.pt,/content/drive/MyDrive/PINN_NavierStokes_sweep/plots/act-GELU_L3_W256.png
act-GELU_L3_W256,GELU,3,256,10.0,0.6454221606254578,0.6433548331260681,1.257717490196228,0.00031608715653419495,133.63135168300005,/content/drive/MyDrive/PINN_NavierStokes_sweep/models/act-GELU_L3_W256.pt,/content/drive/MyDrive/PINN_NavierStokes_sweep/plots/act-GELU_L3_W256.png
act-GELU_L3_W256,GELU,3,256,32.0,1.0035265684127808,1.0022388696670532,2.706488609313965,0.00031608715653419495,133.63135168300005,/content/drive/MyDrive/PINN_NavierStokes_sweep/models/act-GELU_L3_W256.pt,/content/drive/MyDrive/PINN_NavierStokes_sweep/plots/act-GELU_L3_W256.png
act-GELU_L3_W256,GELU,3,256,50.0,1.0022048950195312,1.0037403106689453,7.890320777893066,0.00031608715653419495,133.63135168300005,/content/drive/MyDrive/PINN_NavierStokes_sweep/models/act-GELU_L3_W256.pt,/content/drive/MyDrive/PINN_NavierStokes_sweep/plots/act-GELU_L3_W256.png
act-GELU_L3_W256,GELU,3,256,100.0,1.010331630706787,1.0284297466278076,129.81455993652344,0.00031608715653419495,133.63135168300005,/content/drive/MyDrive/PINN_NavierStokes_sweep/models/act-GELU_L3_W256.pt,/content/drive/MyDrive/PINN_NavierStokes_sweep/plots/act-GELU_L3_W256.png
act-GELU_L3_W512,GELU,3,512,2.0,0.14683185517787933,0.14128932356834412,0.6489924788475037,0.0004884075024165213,164.40388611499975,/content/drive/MyDrive/PINN_NavierStokes_sweep/models/act-GELU_L3_W512.pt,/content/drive/MyDrive/PINN_NavierStokes_sweep/plots/act-GELU_L3_W512.png
act-GELU_L3_W512,GELU,3,512,10.0,0.6496802568435669,0.6479771137237549,0.8818163871765137,0.0004884075024165213,164.40388611499975,/content/drive/MyDrive/PINN_NavierStokes_sweep/models/act-GELU_L3_W512.pt,/content/drive/MyDrive/PINN_NavierStokes_sweep/plots/act-GELU_L3_W512.png
act-GELU_L3_W512,GELU,3,512,32.0,1.0055418014526367,1.0075160264968872,1.2855528593063354,0.0004884075024165213,164.40388611499975,/content/drive/MyDrive/PINN_NavierStokes_sweep/models/act-GELU_L3_W512.pt,/content/drive/MyDrive/PINN_NavierStokes_sweep/plots/act-GELU_L3_W512.png
act-GELU_L3_W512,GELU,3,512,50.0,1.0028018951416016,1.0066466331481934,1.6192643642425537,0.0004884075024165213,164.40388611499975,/content/drive/MyDrive/PINN_NavierStokes_sweep/models/act-GELU_L3_W512.pt,/content/drive/MyDrive/PINN_NavierStokes_sweep/plots/act-GELU_L3_W512.png
act-GELU_L3_W512,GELU,3,512,100.0,1.044187307357788,1.12723708152771,3.5734670162200928,0.0004884075024165213,164.40388611499975,/content/drive/MyDrive/PINN_NavierStokes_sweep/models/act-GELU_L3_W512.pt,/content/drive/MyDrive/PINN_NavierStokes_sweep/plots/act-GELU_L3_W512.png
act-GELU_L4_W64,GELU,4,64,2.0,0.18671688437461853,0.17956951260566711,0.6551366448402405,0.00037957506719976664,126.39529994000031,/content/drive/MyDrive/PINN_NavierStokes_sweep/models/act-GELU_L4_W64.pt,/content/drive/MyDrive/PINN_NavierStokes_sweep/plots/act-GELU_L4_W64.png
act-GELU_L4_W64,GELU,4,64,10.0,0.7193412780761719,0.7203826308250427,0.9342151284217834,0.00037957506719976664,126.39529994000031,/content/drive/MyDrive/PINN_NavierStokes_sweep/models/act-GELU_L4_W64.pt,/content/drive/MyDrive/PINN_NavierStokes_sweep/plots/act-GELU_L4_W64.png
act-GELU_L4_W64,GELU,4,64,32.0,0.9974021315574646,1.0021308660507202,1.6766293048858643,0.00037957506719976664,126.39529994000031,/content/drive/MyDrive/PINN_NavierStokes_sweep/models/act-GELU_L4_W64.pt,/content/drive/MyDrive/PINN_NavierStokes_sweep/plots/act-GELU_L4_W64.png
act-GELU_L4_W64,GELU,4,64,50.0,0.9992485046386719,1.0069435834884644,1.0958518981933594,0.00037957506719976664,126.39529994000031,/content/drive/MyDrive/PINN_NavierStokes_sweep/models/act-GELU_L4_W64.pt,/content/drive/MyDrive/PINN_NavierStokes_sweep/plots/act-GELU_L4_W64.png
act-GELU_L4_W64,GELU,4,64,100.0,1.0046995878219604,1.0843193531036377,25.238189697265625,0.00037957506719976664,126.39529994000031,/content/drive/MyDrive/PINN_NavierStokes_sweep/models/act-GELU_L4_W64.pt,/content/drive/MyDrive/PINN_NavierStokes_sweep/plots/act-GELU_L4_W64.png
act-GELU_L4_W128,GELU,4,128,2.0,0.1186055988073349,0.11734869331121445,0.3326103389263153,0.0002645691274665296,135.1705996429996,/content/drive/MyDrive/PINN_NavierStokes_sweep/models/act-GELU_L4_W128.pt,/content/drive/MyDrive/PINN_NavierStokes_sweep/plots/act-GELU_L4_W128.png
act-GELU_L4_W128,GELU,4,128,10.0,0.5371230244636536,0.5356786251068115,1.6610221862792969,0.0002645691274665296,135.1705996429996,/content/drive/MyDrive/PINN_NavierStokes_sweep/models/act-GELU_L4_W128.pt,/content/drive/MyDrive/PINN_NavierStokes_sweep/plots/act-GELU_L4_W128.png
act-GELU_L4_W128,GELU,4,128,32.0,0.9825624823570251,0.9830368161201477,3.694812536239624,0.0002645691274665296,135.1705996429996,/content/drive/MyDrive/PINN_NavierStokes_sweep/models/act-GELU_L4_W128.pt,/content/drive/MyDrive/PINN_NavierStokes_sweep/plots/act-GELU_L4_W128.png
act-GELU_L4_W128,GELU,4,128,50.0,0.9981471300125122,0.998650074005127,6.681613922119141,0.0002645691274665296,135.1705996429996,/content/drive/MyDrive/PINN_NavierStokes_sweep/models/act-GELU_L4_W128.pt,/content/drive/MyDrive/PINN_NavierStokes_sweep/plots/act-GELU_L4_W128.png
act-GELU_L4_W128,GELU,4,128,100.0,0.9993968605995178,1.0074164867401123,42.16291427612305,0.0002645691274665296,135.1705996429996,/content/drive/MyDrive/PINN_NavierStokes_sweep/models/act-GELU_L4_W128.pt,/content/drive/MyDrive/PINN_NavierStokes_sweep/plots/act-GELU_L4_W128.png
act-GELU_L4_W256,GELU,4,256,2.0,0.125706747174263,0.1218467652797699,0.2363908439874649,0.0002054304932244122,157.5628918059997,/content/drive/MyDrive/PINN_NavierStokes_sweep/models/act-GELU_L4_W256.pt,/content/drive/MyDrive/PINN_NavierStokes_sweep/plots/act-GELU_L4_W256.png
act-GELU_L4_W256,GELU,4,256,10.0,0.5659836530685425,0.5658267736434937,1.2646626234054565,0.0002054304932244122,157.5628918059997,/content/drive/MyDrive/PINN_NavierStokes_sweep/models/act-GELU_L4_W256.pt,/content/drive/MyDrive/PINN_NavierStokes_sweep/plots/act-GELU_L4_W256.png
act-GELU_L4_W256,GELU,4,256,32.0,0.9849914312362671,0.9861004948616028,1.6255083084106445,0.0002054304932244122,157.5628918059997,/content/drive/MyDrive/PINN_NavierStokes_sweep/models/act-GELU_L4_W256.pt,/content/drive/MyDrive/PINN_NavierStokes_sweep/plots/act-GELU_L4_W256.png
act-GELU_L4_W256,GELU,4,256,50.0,1.0010151863098145,1.0017932653427124,2.2669363021850586,0.0002054304932244122,157.5628918059997,/content/drive/MyDrive/PINN_NavierStokes_sweep/models/act-GELU_L4_W256.pt,/content/drive/MyDrive/PINN_NavierStokes_sweep/plots/act-GELU_L4_W256.png
act-GELU_L4_W256,GELU,4,256,100.0,1.0105204582214355,1.032371997833252,13.570375442504883,0.0002054304932244122,157.5628918059997,/content/drive/MyDrive/PINN_NavierStokes_sweep/models/act-GELU_L4_W256.pt,/content/drive/MyDrive/PINN_NavierStokes_sweep/plots/act-GELU_L4_W256.png
act-GELU_L4_W512,GELU,4,512,2.0,0.13142363727092743,0.12787917256355286,0.48984113335609436,0.0002627121575642377,217.61434848,/content/drive/MyDrive/PINN_NavierStokes_sweep/models/act-GELU_L4_W512.pt,/content/drive/MyDrive/PINN_NavierStokes_sweep/plots/act-GELU_L4_W512.png
act-GELU_L4_W512,GELU,4,512,10.0,0.5843085050582886,0.5773710608482361,1.3416146039962769,0.0002627121575642377,217.61434848,/content/drive/MyDrive/PINN_NavierStokes_sweep/models/act-GELU_L4_W512.pt,/content/drive/MyDrive/PINN_NavierStokes_sweep/plots/act-GELU_L4_W512.png
act-GELU_L4_W512,GELU,4,512,32.0,0.9846718907356262,0.9845455288887024,2.685422658920288,0.0002627121575642377,217.61434848,/content/drive/MyDrive/PINN_NavierStokes_sweep/models/act-GELU_L4_W512.pt,/content/drive/MyDrive/PINN_NavierStokes_sweep/plots/act-GELU_L4_W512.png
act-GELU_L4_W512,GELU,4,512,50.0,0.9993526339530945,1.0024363994598389,5.238636016845703,0.0002627121575642377,217.61434848,/content/drive/MyDrive/PINN_NavierStokes_sweep/models/act-GELU_L4_W512.pt,/content/drive/MyDrive/PINN_NavierStokes_sweep/plots/act-GELU_L4_W512.png
act-GELU_L4_W512,GELU,4,512,100.0,1.002830147743225,1.0701072216033936,48.65935516357422,0.0002627121575642377,217.61434848,/content/drive/MyDrive/PINN_NavierStokes_sweep/models/act-GELU_L4_W512.pt,/content/drive/MyDrive/PINN_NavierStokes_sweep/plots/act-GELU_L4_W512.png
act-GELU_L5_W64,GELU,5,64,2.0,0.18157510459423065,0.1806974858045578,0.987262487411499,0.0004732463858090341,152.37481993999972,/content/drive/MyDrive/PINN_NavierStokes_sweep/models/act-GELU_L5_W64.pt,/content/drive/MyDrive/PINN_NavierStokes_sweep/plots/act-GELU_L5_W64.png
act-GELU_L5_W64,GELU,5,64,10.0,0.6743786931037903,0.6702038049697876,1.2132327556610107,0.0004732463858090341,152.37481993999972,/content/drive/MyDrive/PINN_NavierStokes_sweep/models/act-GELU_L5_W64.pt,/content/drive/MyDrive/PINN_NavierStokes_sweep/plots/act-GELU_L5_W64.png
act-GELU_L5_W64,GELU,5,64,32.0,0.9965090155601501,0.9947765469551086,1.0893369913101196,0.0004732463858090341,152.37481993999972,/content/drive/MyDrive/PINN_NavierStokes_sweep/models/act-GELU_L5_W64.pt,/content/drive/MyDrive/PINN_NavierStokes_sweep/plots/act-GELU_L5_W64.png
act-GELU_L5_W64,GELU,5,64,50.0,1.0037841796875,1.0003304481506348,1.0655171871185303,0.0004732463858090341,152.37481993999972,/content/drive/MyDrive/PINN_NavierStokes_sweep/models/act-GELU_L5_W64.pt,/content/drive/MyDrive/PINN_NavierStokes_sweep/plots/act-GELU_L5_W64.png
act-GELU_L5_W64,GELU,5,64,100.0,1.0343862771987915,1.0086793899536133,6.457663059234619,0.0004732463858090341,152.37481993999972,/content/drive/MyDrive/PINN_NavierStokes_sweep/models/act-GELU_L5_W64.pt,/content/drive/MyDrive/PINN_NavierStokes_sweep/plots/act-GELU_L5_W64.png
act-GELU_L5_W128,GELU,5,128,2.0,0.1154356300830841,0.11748936772346497,0.24161316454410553,0.00021286221453920007,159.12693970100008,/content/drive/MyDrive/PINN_NavierStokes_sweep/models/act-GELU_L5_W128.pt,/content/drive/MyDrive/PINN_NavierStokes_sweep/plots/act-GELU_L5_W128.png
act-GELU_L5_W128,GELU,5,128,10.0,0.5056776404380798,0.5075348019599915,0.9024711847305298,0.00021286221453920007,159.12693970100008,/content/drive/MyDrive/PINN_NavierStokes_sweep/models/act-GELU_L5_W128.pt,/content/drive/MyDrive/PINN_NavierStokes_sweep/plots/act-GELU_L5_W128.png
act-GELU_L5_W128,GELU,5,128,32.0,0.9790295958518982,0.9787992835044861,1.5902113914489746,0.00021286221453920007,159.12693970100008,/content/drive/MyDrive/PINN_NavierStokes_sweep/models/act-GELU_L5_W128.pt,/content/drive/MyDrive/PINN_NavierStokes_sweep/plots/act-GELU_L5_W128.png
act-GELU_L5_W128,GELU,5,128,50.0,0.9985659718513489,1.0009124279022217,3.2076830863952637,0.00021286221453920007,159.12693970100008,/content/drive/MyDrive/PINN_NavierStokes_sweep/models/act-GELU_L5_W128.pt,/content/drive/MyDrive/PINN_NavierStokes_sweep/plots/act-GELU_L5_W128.png
act-GELU_L5_W128,GELU,5,128,100.0,1.0030332803726196,1.0110212564468384,21.366863250732422,0.00021286221453920007,159.12693970100008,/content/drive/MyDrive/PINN_NavierStokes_sweep/models/act-GELU_L5_W128.pt,/content/drive/MyDrive/PINN_NavierStokes_sweep/plots/act-GELU_L5_W128.png
act-GELU_L5_W256,GELU,5,256,2.0,0.10569006949663162,0.10786908119916916,0.5752070546150208,0.00023902735847514123,186.28362263299914,/content/drive/MyDrive/PINN_NavierStokes_sweep/models/act-GELU_L5_W256.pt,/content/drive/MyDrive/PINN_NavierStokes_sweep/plots/act-GELU_L5_W256.png
act-GELU_L5_W256,GELU,5,256,10.0,0.48396310210227966,0.4832516610622406,0.8040981292724609,0.00023902735847514123,186.28362263299914,/content/drive/MyDrive/PINN_NavierStokes_sweep/models/act-GELU_L5_W256.pt,/content/drive/MyDrive/PINN_NavierStokes_sweep/plots/act-GELU_L5_W256.png
act-GELU_L5_W256,GELU,5,256,32.0,0.9701842069625854,0.9700537919998169,1.7366832494735718,0.00023902735847514123,186.28362263299914,/content/drive/MyDrive/PINN_NavierStokes_sweep/models/act-GELU_L5_W256.pt,/content/drive/MyDrive/PINN_NavierStokes_sweep/plots/act-GELU_L5_W256.png
act-GELU_L5_W256,GELU,5,256,50.0,0.9985707998275757,0.9983577132225037,3.529693841934204,0.00023902735847514123,186.28362263299914,/content/drive/MyDrive/PINN_NavierStokes_sweep/models/act-GELU_L5_W256.pt,/content/drive/MyDrive/PINN_NavierStokes_sweep/plots/act-GELU_L5_W256.png
act-GELU_L5_W256,GELU,5,256,100.0,1.0006457567214966,1.0003193616867065,28.069652557373047,0.00023902735847514123,186.28362263299914,/content/drive/MyDrive/PINN_NavierStokes_sweep/models/act-GELU_L5_W256.pt,/content/drive/MyDrive/PINN_NavierStokes_sweep/plots/act-GELU_L5_W256.png
act-GELU_L5_W512,GELU,5,512,2.0,0.11605953425168991,0.11206746846437454,0.25360196828842163,0.00044155848445370793,253.6014184960004,/content/drive/MyDrive/PINN_NavierStokes_sweep/models/act-GELU_L5_W512.pt,/content/drive/MyDrive/PINN_NavierStokes_sweep/plots/act-GELU_L5_W512.png
act-GELU_L5_W512,GELU,5,512,10.0,0.5037090182304382,0.5027626156806946,1.4056007862091064,0.00044155848445370793,253.6014184960004,/content/drive/MyDrive/PINN_NavierStokes_sweep/models/act-GELU_L5_W512.pt,/content/drive/MyDrive/PINN_NavierStokes_sweep/plots/act-GELU_L5_W512.png
act-GELU_L5_W512,GELU,5,512,32.0,0.9587461948394775,0.959679126739502,3.5766024589538574,0.00044155848445370793,253.6014184960004,/content/drive/MyDrive/PINN_NavierStokes_sweep/models/act-GELU_L5_W512.pt,/content/drive/MyDrive/PINN_NavierStokes_sweep/plots/act-GELU_L5_W512.png
act-GELU_L5_W512,GELU,5,512,50.0,0.9977008104324341,0.9986377954483032,6.945614337921143,0.00044155848445370793,253.6014184960004,/content/drive/MyDrive/PINN_NavierStokes_sweep/models/act-GELU_L5_W512.pt,/content/drive/MyDrive/PINN_NavierStokes_sweep/plots/act-GELU_L5_W512.png
act-GELU_L5_W512,GELU,5,512,100.0,1.0034871101379395,1.0025652647018433,47.829063415527344,0.00044155848445370793,253.6014184960004,/content/drive/MyDrive/PINN_NavierStokes_sweep/models/act-GELU_L5_W512.pt,/content/drive/MyDrive/PINN_NavierStokes_sweep/plots/act-GELU_L5_W512.png
act-Tanh_L3_W64,Tanh,3,64,2.0,0.6002880334854126,0.6050017476081848,5.480109691619873,0.0019436244620010257,90.44071734799945,/content/drive/MyDrive/PINN_NavierStokes_sweep/models/act-Tanh_L3_W64.pt,/content/drive/MyDrive/PINN_NavierStokes_sweep/plots/act-Tanh_L3_W64.png
act-Tanh_L3_W64,Tanh,3,64,10.0,1.0158790349960327,1.013047456741333,7.380834102630615,0.0019436244620010257,90.44071734799945,/content/drive/MyDrive/PINN_NavierStokes_sweep/models/act-Tanh_L3_W64.pt,/content/drive/MyDrive/PINN_NavierStokes_sweep/plots/act-Tanh_L3_W64.png
act-Tanh_L3_W64,Tanh,3,64,32.0,1.0544062852859497,1.0086346864700317,17.695829391479492,0.0019436244620010257,90.44071734799945,/content/drive/MyDrive/PINN_NavierStokes_sweep/models/act-Tanh_L3_W64.pt,/content/drive/MyDrive/PINN_NavierStokes_sweep/plots/act-Tanh_L3_W64.png
act-Tanh_L3_W64,Tanh,3,64,50.0,1.1195518970489502,1.020850419998169,36.32579040527344,0.0019436244620010257,90.44071734799945,/content/drive/MyDrive/PINN_NavierStokes_sweep/models/act-Tanh_L3_W64.pt,/content/drive/MyDrive/PINN_NavierStokes_sweep/plots/act-Tanh_L3_W64.png
act-Tanh_L3_W64,Tanh,3,64,100.0,1.7157917022705078,1.1641144752502441,267.9658203125,0.0019436244620010257,90.44071734799945,/content/drive/MyDrive/PINN_NavierStokes_sweep/models/act-Tanh_L3_W64.pt,/content/drive/MyDrive/PINN_NavierStokes_sweep/plots/act-Tanh_L3_W64.png
act-Tanh_L3_W128,Tanh,3,128,2.0,0.561384916305542,0.5600479245185852,6.9012932777404785,0.0023385314270853996,95.66082849800023,/content/drive/MyDrive/PINN_NavierStokes_sweep/models/act-Tanh_L3_W128.pt,/content/drive/MyDrive/PINN_NavierStokes_sweep/plots/act-Tanh_L3_W128.png
act-Tanh_L3_W128,Tanh,3,128,10.0,1.001869797706604,1.0042942762374878,9.227400779724121,0.0023385314270853996,95.66082849800023,/content/drive/MyDrive/PINN_NavierStokes_sweep/models/act-Tanh_L3_W128.pt,/content/drive/MyDrive/PINN_NavierStokes_sweep/plots/act-Tanh_L3_W128.png
act-Tanh_L3_W128,Tanh,3,128,32.0,1.0028681755065918,1.0031434297561646,21.678659439086914,0.0023385314270853996,95.66082849800023,/content/drive/MyDrive/PINN_NavierStokes_sweep/models/act-Tanh_L3_W128.pt,/content/drive/MyDrive/PINN_NavierStokes_sweep/plots/act-Tanh_L3_W128.png
act-Tanh_L3_W128,Tanh,3,128,50.0,1.0102946758270264,1.0050617456436157,44.5046501159668,0.0023385314270853996,95.66082849800023,/content/drive/MyDrive/PINN_NavierStokes_sweep/models/act-Tanh_L3_W128.pt,/content/drive/MyDrive/PINN_NavierStokes_sweep/plots/act-Tanh_L3_W128.png
act-Tanh_L3_W128,Tanh,3,128,100.0,1.078287959098816,1.0418511629104614,328.9213562011719,0.0023385314270853996,95.66082849800023,/content/drive/MyDrive/PINN_NavierStokes_sweep/models/act-Tanh_L3_W128.pt,/content/drive/MyDrive/PINN_NavierStokes_sweep/plots/act-Tanh_L3_W128.png
act-Tanh_L3_W256,Tanh,3,256,2.0,0.4769168794155121,0.4878786504268646,2.5413591861724854,0.0029671061784029007,106.95270103699931,/content/drive/MyDrive/PINN_NavierStokes_sweep/models/act-Tanh_L3_W256.pt,/content/drive/MyDrive/PINN_NavierStokes_sweep/plots/act-Tanh_L3_W256.png
act-Tanh_L3_W256,Tanh,3,256,10.0,0.9894940257072449,0.991838812828064,1.0080287456512451,0.0029671061784029007,106.95270103699931,/content/drive/MyDrive/PINN_NavierStokes_sweep/models/act-Tanh_L3_W256.pt,/content/drive/MyDrive/PINN_NavierStokes_sweep/plots/act-Tanh_L3_W256.png
act-Tanh_L3_W256,Tanh,3,256,32.0,1.0043222904205322,1.010894536972046,1.2884010076522827,0.0029671061784029007,106.95270103699931,/content/drive/MyDrive/PINN_NavierStokes_sweep/models/act-Tanh_L3_W256.pt,/content/drive/MyDrive/PINN_NavierStokes_sweep/plots/act-Tanh_L3_W256.png
act-Tanh_L3_W256,Tanh,3,256,50.0,1.0001033544540405,1.019479751586914,2.137183666229248,0.0029671061784029007,106.95270103699931,/content/drive/MyDrive/PINN_NavierStokes_sweep/models/act-Tanh_L3_W256.pt,/content/drive/MyDrive/PINN_NavierStokes_sweep/plots/act-Tanh_L3_W256.png
act-Tanh_L3_W256,Tanh,3,256,100.0,1.0113041400909424,1.0602121353149414,14.4256591796875,0.0029671061784029007,106.95270103699931,/content/drive/MyDrive/PINN_NavierStokes_sweep/models/act-Tanh_L3_W256.pt,/content/drive/MyDrive/PINN_NavierStokes_sweep/plots/act-Tanh_L3_W256.png
act-Tanh_L3_W512,Tanh,3,512,2.0,0.4147936999797821,0.4154544472694397,2.3107376098632812,0.0019738946575671434,136.53089938499943,/content/drive/MyDrive/PINN_NavierStokes_sweep/models/act-Tanh_L3_W512.pt,/content/drive/MyDrive/PINN_NavierStokes_sweep/plots/act-Tanh_L3_W512.png
act-Tanh_L3_W512,Tanh,3,512,10.0,0.9638574123382568,0.9623779654502869,1.2423020601272583,0.0019738946575671434,136.53089938499943,/content/drive/MyDrive/PINN_NavierStokes_sweep/models/act-Tanh_L3_W512.pt,/content/drive/MyDrive/PINN_NavierStokes_sweep/plots/act-Tanh_L3_W512.png
act-Tanh_L3_W512,Tanh,3,512,32.0,1.0061068534851074,1.0029895305633545,1.277548909187317,0.0019738946575671434,136.53089938499943,/content/drive/MyDrive/PINN_NavierStokes_sweep/models/act-Tanh_L3_W512.pt,/content/drive/MyDrive/PINN_NavierStokes_sweep/plots/act-Tanh_L3_W512.png
act-Tanh_L3_W512,Tanh,3,512,50.0,1.0032211542129517,0.999957799911499,1.783884882926941,0.0019738946575671434,136.53089938499943,/content/drive/MyDrive/PINN_NavierStokes_sweep/models/act-Tanh_L3_W512.pt,/content/drive/MyDrive/PINN_NavierStokes_sweep/plots/act-Tanh_L3_W512.png
act-Tanh_L3_W512,Tanh,3,512,100.0,1.0462307929992676,1.0075677633285522,10.333319664001465,0.0019738946575671434,136.53089938499943,/content/drive/MyDrive/PINN_NavierStokes_sweep/models/act-Tanh_L3_W512.pt,/content/drive/MyDrive/PINN_NavierStokes_sweep/plots/act-Tanh_L3_W512.png
act-Tanh_L4_W64,Tanh,4,64,2.0,0.5863747596740723,0.6013203263282776,3.3999764919281006,0.0026667877100408077,109.52808447699954,/content/drive/MyDrive/PINN_NavierStokes_sweep/models/act-Tanh_L4_W64.pt,/content/drive/MyDrive/PINN_NavierStokes_sweep/plots/act-Tanh_L4_W64.png
act-Tanh_L4_W64,Tanh,4,64,10.0,1.0133763551712036,1.014988899230957,4.57759952545166,0.0026667877100408077,109.52808447699954,/content/drive/MyDrive/PINN_NavierStokes_sweep/models/act-Tanh_L4_W64.pt,/content/drive/MyDrive/PINN_NavierStokes_sweep/plots/act-Tanh_L4_W64.png
act-Tanh_L4_W64,Tanh,4,64,32.0,1.0092829465866089,1.0012036561965942,10.595890045166016,0.0026667877100408077,109.52808447699954,/content/drive/MyDrive/PINN_NavierStokes_sweep/models/act-Tanh_L4_W64.pt,/content/drive/MyDrive/PINN_NavierStokes_sweep/plots/act-Tanh_L4_W64.png
act-Tanh_L4_W64,Tanh,4,64,50.0,1.0207024812698364,1.0060322284698486,21.59311294555664,0.0026667877100408077,109.52808447699954,/content/drive/MyDrive/PINN_NavierStokes_sweep/models/act-Tanh_L4_W64.pt,/content/drive/MyDrive/PINN_NavierStokes_sweep/plots/act-Tanh_L4_W64.png
act-Tanh_L4_W64,Tanh,4,64,100.0,1.1509069204330444,1.0370274782180786,159.09121704101562,0.0026667877100408077,109.52808447699954,/content/drive/MyDrive/PINN_NavierStokes_sweep/models/act-Tanh_L4_W64.pt,/content/drive/MyDrive/PINN_NavierStokes_sweep/plots/act-Tanh_L4_W64.png
act-Tanh_L4_W128,Tanh,4,128,2.0,0.5697692036628723,0.5799550414085388,5.575440883636475,0.0023314824793487787,116.49916045200007,/content/drive/MyDrive/PINN_NavierStokes_sweep/models/act-Tanh_L4_W128.pt,/content/drive/MyDrive/PINN_NavierStokes_sweep/plots/act-Tanh_L4_W128.png
act-Tanh_L4_W128,Tanh,4,128,10.0,1.0112115144729614,1.0168077945709229,7.683511257171631,0.0023314824793487787,116.49916045200007,/content/drive/MyDrive/PINN_NavierStokes_sweep/models/act-Tanh_L4_W128.pt,/content/drive/MyDrive/PINN_NavierStokes_sweep/plots/act-Tanh_L4_W128.png
act-Tanh_L4_W128,Tanh,4,128,32.0,0.9975518584251404,1.016696572303772,18.234302520751953,0.0023314824793487787,116.49916045200007,/content/drive/MyDrive/PINN_NavierStokes_sweep/models/act-Tanh_L4_W128.pt,/content/drive/MyDrive/PINN_NavierStokes_sweep/plots/act-Tanh_L4_W128.png
act-Tanh_L4_W128,Tanh,4,128,50.0,0.9958297610282898,1.0409821271896362,37.3386344909668,0.0023314824793487787,116.49916045200007,/content/drive/MyDrive/PINN_NavierStokes_sweep/models/act-Tanh_L4_W128.pt,/content/drive/MyDrive/PINN_NavierStokes_sweep/plots/act-Tanh_L4_W128.png
act-Tanh_L4_W128,Tanh,4,128,100.0,0.9978452324867249,1.2914074659347534,275.5416564941406,0.0023314824793487787,116.49916045200007,/content/drive/MyDrive/PINN_NavierStokes_sweep/models/act-Tanh_L4_W128.pt,/content/drive/MyDrive/PINN_NavierStokes_sweep/plots/act-Tanh_L4_W128.png
act-Tanh_L4_W256,Tanh,4,256,2.0,0.3993607461452484,0.40044236183166504,1.3688353300094604,0.0008503944263793528,127.15812856200046,/content/drive/MyDrive/PINN_NavierStokes_sweep/models/act-Tanh_L4_W256.pt,/content/drive/MyDrive/PINN_NavierStokes_sweep/plots/act-Tanh_L4_W256.png
act-Tanh_L4_W256,Tanh,4,256,10.0,0.967316746711731,0.9684023261070251,4.864351749420166,0.0008503944263793528,127.15812856200046,/content/drive/MyDrive/PINN_NavierStokes_sweep/models/act-Tanh_L4_W256.pt,/content/drive/MyDrive/PINN_NavierStokes_sweep/plots/act-Tanh_L4_W256.png
act-Tanh_L4_W256,Tanh,4,256,32.0,1.0047417879104614,1.006310224533081,12.061216354370117,0.0008503944263793528,127.15812856200046,/content/drive/MyDrive/PINN_NavierStokes_sweep/models/act-Tanh_L4_W256.pt,/content/drive/MyDrive/PINN_NavierStokes_sweep/plots/act-Tanh_L4_W256.png
act-Tanh_L4_W256,Tanh,4,256,50.0,1.0004328489303589,1.0008701086044312,24.767671585083008,0.0008503944263793528,127.15812856200046,/content/drive/MyDrive/PINN_NavierStokes_sweep/models/act-Tanh_L4_W256.pt,/content/drive/MyDrive/PINN_NavierStokes_sweep/plots/act-Tanh_L4_W256.png
act-Tanh_L4_W256,Tanh,4,256,100.0,1.005568027496338,1.003382682800293,182.80227661132812,0.0008503944263793528,127.15812856200046,/content/drive/MyDrive/PINN_NavierStokes_sweep/models/act-Tanh_L4_W256.pt,/content/drive/MyDrive/PINN_NavierStokes_sweep/plots/act-Tanh_L4_W256.png
act-Tanh_L4_W512,Tanh,4,512,2.0,0.31746742129325867,0.31413862109184265,0.5962041616439819,0.0009968917584046721,159.18208739799957,/content/drive/MyDrive/PINN_NavierStokes_sweep/models/act-Tanh_L4_W512.pt,/content/drive/MyDrive/PINN_NavierStokes_sweep/plots/act-Tanh_L4_W512.png
act-Tanh_L4_W512,Tanh,4,512,10.0,0.9139099717140198,0.91237872838974,2.755953550338745,0.0009968917584046721,159.18208739799957,/content/drive/MyDrive/PINN_NavierStokes_sweep/models/act-Tanh_L4_W512.pt,/content/drive/MyDrive/PINN_NavierStokes_sweep/plots/act-Tanh_L4_W512.png
act-Tanh_L4_W512,Tanh,4,512,32.0,1.0085982084274292,1.0047959089279175,7.042337894439697,0.0009968917584046721,159.18208739799957,/content/drive/MyDrive/PINN_NavierStokes_sweep/models/act-Tanh_L4_W512.pt,/content/drive/MyDrive/PINN_NavierStokes_sweep/plots/act-Tanh_L4_W512.png
act-Tanh_L4_W512,Tanh,4,512,50.0,1.0114727020263672,1.0031214952468872,14.436885833740234,0.0009968917584046721,159.18208739799957,/content/drive/MyDrive/PINN_NavierStokes_sweep/models/act-Tanh_L4_W512.pt,/content/drive/MyDrive/PINN_NavierStokes_sweep/plots/act-Tanh_L4_W512.png
act-Tanh_L4_W512,Tanh,4,512,100.0,1.0620061159133911,1.009010672569275,106.83651733398438,0.0009968917584046721,159.18208739799957,/content/drive/MyDrive/PINN_NavierStokes_sweep/models/act-Tanh_L4_W512.pt,/content/drive/MyDrive/PINN_NavierStokes_sweep/plots/act-Tanh_L4_W512.png
act-Tanh_L5_W64,Tanh,5,64,2.0,0.6593910455703735,0.6420592665672302,3.833066701889038,0.002864555222913623,127.56500792599945,/content/drive/MyDrive/PINN_NavierStokes_sweep/models/act-Tanh_L5_W64.pt,/content/drive/MyDrive/PINN_NavierStokes_sweep/plots/act-Tanh_L5_W64.png
act-Tanh_L5_W64,Tanh,5,64,10.0,1.01344895362854,1.0090397596359253,4.821136951446533,0.002864555222913623,127.56500792599945,/content/drive/MyDrive/PINN_NavierStokes_sweep/models/act-Tanh_L5_W64.pt,/content/drive/MyDrive/PINN_NavierStokes_sweep/plots/act-Tanh_L5_W64.png
act-Tanh_L5_W64,Tanh,5,64,32.0,1.00290846824646,1.0106638669967651,11.447883605957031,0.002864555222913623,127.56500792599945,/content/drive/MyDrive/PINN_NavierStokes_sweep/models/act-Tanh_L5_W64.pt,/content/drive/MyDrive/PINN_NavierStokes_sweep/plots/act-Tanh_L5_W64.png
act-Tanh_L5_W64,Tanh,5,64,50.0,1.0085774660110474,1.0221550464630127,23.497272491455078,0.002864555222913623,127.56500792599945,/content/drive/MyDrive/PINN_NavierStokes_sweep/models/act-Tanh_L5_W64.pt,/content/drive/MyDrive/PINN_NavierStokes_sweep/plots/act-Tanh_L5_W64.png
act-Tanh_L5_W64,Tanh,5,64,100.0,1.0534603595733643,1.153751015663147,173.67257690429688,0.002864555222913623,127.56500792599945,/content/drive/MyDrive/PINN_NavierStokes_sweep/models/act-Tanh_L5_W64.pt,/content/drive/MyDrive/PINN_NavierStokes_sweep/plots/act-Tanh_L5_W64.png
act-Tanh_L5_W128,Tanh,5,128,2.0,0.5387823581695557,0.5448544025421143,3.878751754760742,0.0020037945359945297,133.25098328399963,/content/drive/MyDrive/PINN_NavierStokes_sweep/models/act-Tanh_L5_W128.pt,/content/drive/MyDrive/PINN_NavierStokes_sweep/plots/act-Tanh_L5_W128.png
act-Tanh_L5_W128,Tanh,5,128,10.0,1.0046706199645996,1.0029122829437256,4.868258476257324,0.0020037945359945297,133.25098328399963,/content/drive/MyDrive/PINN_NavierStokes_sweep/models/act-Tanh_L5_W128.pt,/content/drive/MyDrive/PINN_NavierStokes_sweep/plots/act-Tanh_L5_W128.png
act-Tanh_L5_W128,Tanh,5,128,32.0,1.0024155378341675,0.9995107054710388,11.659012794494629,0.0020037945359945297,133.25098328399963,/content/drive/MyDrive/PINN_NavierStokes_sweep/models/act-Tanh_L5_W128.pt,/content/drive/MyDrive/PINN_NavierStokes_sweep/plots/act-Tanh_L5_W128.png
act-Tanh_L5_W128,Tanh,5,128,50.0,1.0029034614562988,0.9979040622711182,23.845592498779297,0.0020037945359945297,133.25098328399963,/content/drive/MyDrive/PINN_NavierStokes_sweep/models/act-Tanh_L5_W128.pt,/content/drive/MyDrive/PINN_NavierStokes_sweep/plots/act-Tanh_L5_W128.png
act-Tanh_L5_W128,Tanh,5,128,100.0,1.0339691638946533,0.9999120235443115,175.99862670898438,0.0020037945359945297,133.25098328399963,/content/drive/MyDrive/PINN_NavierStokes_sweep/models/act-Tanh_L5_W128.pt,/content/drive/MyDrive/PINN_NavierStokes_sweep/plots/act-Tanh_L5_W128.png
act-Tanh_L5_W256,Tanh,5,256,2.0,0.37199217081069946,0.37791433930397034,2.2338807582855225,0.00110453343950212,150.19657018100042,/content/drive/MyDrive/PINN_NavierStokes_sweep/models/act-Tanh_L5_W256.pt,/content/drive/MyDrive/PINN_NavierStokes_sweep/plots/act-Tanh_L5_W256.png
act-Tanh_L5_W256,Tanh,5,256,10.0,0.9451579451560974,0.9485345482826233,1.6248936653137207,0.00110453343950212,150.19657018100042,/content/drive/MyDrive/PINN_NavierStokes_sweep/models/act-Tanh_L5_W256.pt,/content/drive/MyDrive/PINN_NavierStokes_sweep/plots/act-Tanh_L5_W256.png
act-Tanh_L5_W256,Tanh,5,256,32.0,1.0087825059890747,1.0085697174072266,2.576840877532959,0.00110453343950212,150.19657018100042,/content/drive/MyDrive/PINN_NavierStokes_sweep/models/act-Tanh_L5_W256.pt,/content/drive/MyDrive/PINN_NavierStokes_sweep/plots/act-Tanh_L5_W256.png
act-Tanh_L5_W256,Tanh,5,256,50.0,1.0132943391799927,1.0064281225204468,4.918868064880371,0.00110453343950212,150.19657018100042,/content/drive/MyDrive/PINN_NavierStokes_sweep/models/act-Tanh_L5_W256.pt,/content/drive/MyDrive/PINN_NavierStokes_sweep/plots/act-Tanh_L5_W256.png
act-Tanh_L5_W256,Tanh,5,256,100.0,1.1187732219696045,1.0798404216766357,35.2703857421875,0.00110453343950212,150.19657018100042,/content/drive/MyDrive/PINN_NavierStokes_sweep/models/act-Tanh_L5_W256.pt,/content/drive/MyDrive/PINN_NavierStokes_sweep/plots/act-Tanh_L5_W256.png
act-Tanh_L5_W512,Tanh,5,512,2.0,0.3173779547214508,0.3191193640232086,1.071781039237976,0.0011018943041563034,185.2975690100002,/content/drive/MyDrive/PINN_NavierStokes_sweep/models/act-Tanh_L5_W512.pt,/content/drive/MyDrive/PINN_NavierStokes_sweep/plots/act-Tanh_L5_W512.png
act-Tanh_L5_W512,Tanh,5,512,10.0,0.9155339002609253,0.9166960716247559,3.4371957778930664,0.0011018943041563034,185.2975690100002,/content/drive/MyDrive/PINN_NavierStokes_sweep/models/act-Tanh_L5_W512.pt,/content/drive/MyDrive/PINN_NavierStokes_sweep/plots/act-Tanh_L5_W512.png
act-Tanh_L5_W512,Tanh,5,512,32.0,1.0048351287841797,1.0147508382797241,8.08775806427002,0.0011018943041563034,185.2975690100002,/content/drive/MyDrive/PINN_NavierStokes_sweep/models/act-Tanh_L5_W512.pt,/content/drive/MyDrive/PINN_NavierStokes_sweep/plots/act-Tanh_L5_W512.png
act-Tanh_L5_W512,Tanh,5,512,50.0,1.002053141593933,1.0230894088745117,16.543445587158203,0.0011018943041563034,185.2975690100002,/content/drive/MyDrive/PINN_NavierStokes_sweep/models/act-Tanh_L5_W512.pt,/content/drive/MyDrive/PINN_NavierStokes_sweep/plots/act-Tanh_L5_W512.png
act-Tanh_L5_W512,Tanh,5,512,100.0,0.9999094605445862,1.1713086366653442,122.27457427978516,0.0011018943041563034,185.2975690100002,/content/drive/MyDrive/PINN_NavierStokes_sweep/models/act-Tanh_L5_W512.pt,/content/drive/MyDrive/PINN_NavierStokes_sweep/plots/act-Tanh_L5_W512.png
