tag,activation,n_layers,width,l2_u,l2_v,l2_p,final_loss,training_time_seconds,model_path,plot_path
act-SiLU_L3_W64,SiLU,3,64,0.021329641342163086,0.15771904587745667,1.7637536525726318,0.003916975576430559,82.456182063,/content/drive/MyDrive/PINN_Kovasznay_sweep/models/act-SiLU_L3_W64.pt,/content/drive/MyDrive/PINN_Kovasznay_sweep/plots/act-SiLU_L3_W64.png
act-SiLU_L3_W128,SiLU,3,128,0.012666868977248669,0.06726592779159546,1.9863882064819336,0.0014934500213712454,91.52386797499997,/content/drive/MyDrive/PINN_Kovasznay_sweep/models/act-SiLU_L3_W128.pt,/content/drive/MyDrive/PINN_Kovasznay_sweep/plots/act-SiLU_L3_W128.png
act-SiLU_L3_W256,SiLU,3,256,0.013064970262348652,0.0537366084754467,0.4007851481437683,0.001345184980891645,98.06540897400004,/content/drive/MyDrive/PINN_Kovasznay_sweep/models/act-SiLU_L3_W256.pt,/content/drive/MyDrive/PINN_Kovasznay_sweep/plots/act-SiLU_L3_W256.png
act-SiLU_L3_W512,SiLU,3,512,0.009944379329681396,0.02939114347100258,0.4638351798057556,0.000917192199267447,124.24589167099998,/content/drive/MyDrive/PINN_Kovasznay_sweep/models/act-SiLU_L3_W512.pt,/content/drive/MyDrive/PINN_Kovasznay_sweep/plots/act-SiLU_L3_W512.png
act-SiLU_L4_W64,SiLU,4,64,0.027656933292746544,0.19742882251739502,0.4183543920516968,0.00377392559312284,111.15779599000007,/content/drive/MyDrive/PINN_Kovasznay_sweep/models/act-SiLU_L4_W64.pt,/content/drive/MyDrive/PINN_Kovasznay_sweep/plots/act-SiLU_L4_W64.png
act-SiLU_L4_W128,SiLU,4,128,0.010058418847620487,0.041151262819767,0.2952095568180084,0.001623372663743794,113.01625282200007,/content/drive/MyDrive/PINN_Kovasznay_sweep/models/act-SiLU_L4_W128.pt,/content/drive/MyDrive/PINN_Kovasznay_sweep/plots/act-SiLU_L4_W128.png
act-SiLU_L4_W256,SiLU,4,256,0.007751015480607748,0.04057351499795914,0.662780225276947,0.0004927697591483593,127.12205658899995,/content/drive/MyDrive/PINN_Kovasznay_sweep/models/act-SiLU_L4_W256.pt,/content/drive/MyDrive/PINN_Kovasznay_sweep/plots/act-SiLU_L4_W256.png
act-SiLU_L4_W512,SiLU,4,512,0.005414173007011414,0.0158185213804245,1.3848793506622314,0.0001498306664871052,148.944970043,/content/drive/MyDrive/PINN_Kovasznay_sweep/models/act-SiLU_L4_W512.pt,/content/drive/MyDrive/PINN_Kovasznay_sweep/plots/act-SiLU_L4_W512.png
act-SiLU_L5_W64,SiLU,5,64,0.012687144801020622,0.0472993366420269,0.28558290004730225,0.0012474110117182136,129.6631844970002,/content/drive/MyDrive/PINN_Kovasznay_sweep/models/act-SiLU_L5_W64.pt,/content/drive/MyDrive/PINN_Kovasznay_sweep/plots/act-SiLU_L5_W64.png
act-SiLU_L5_W128,SiLU,5,128,0.011831659823656082,0.036933496594429016,0.33606845140457153,0.0009536407887935638,135.7099887549998,/content/drive/MyDrive/PINN_Kovasznay_sweep/models/act-SiLU_L5_W128.pt,/content/drive/MyDrive/PINN_Kovasznay_sweep/plots/act-SiLU_L5_W128.png
act-SiLU_L5_W256,SiLU,5,256,0.009071499109268188,0.03659072890877724,1.087282657623291,0.0015604866202920675,145.78424349800002,/content/drive/MyDrive/PINN_Kovasznay_sweep/models/act-SiLU_L5_W256.pt,/content/drive/MyDrive/PINN_Kovasznay_sweep/plots/act-SiLU_L5_W256.png
act-SiLU_L5_W512,SiLU,5,512,0.012945599853992462,0.08039530366659164,2.063307762145996,0.0038605285808444023,170.550537222,/content/drive/MyDrive/PINN_Kovasznay_sweep/models/act-SiLU_L5_W512.pt,/content/drive/MyDrive/PINN_Kovasznay_sweep/plots/act-SiLU_L5_W512.png
act-GELU_L3_W64,GELU,3,64,0.014172425493597984,0.04871070757508278,1.2274971008300781,0.001511984271928668,76.20588604599993,/content/drive/MyDrive/PINN_Kovasznay_sweep/models/act-GELU_L3_W64.pt,/content/drive/MyDrive/PINN_Kovasznay_sweep/plots/act-GELU_L3_W64.png
act-GELU_L3_W128,GELU,3,128,0.01058980543166399,0.052287593483924866,0.7114028930664062,0.0008816423360258341,83.66293311699997,/content/drive/MyDrive/PINN_Kovasznay_sweep/models/act-GELU_L3_W128.pt,/content/drive/MyDrive/PINN_Kovasznay_sweep/plots/act-GELU_L3_W128.png
act-GELU_L3_W256,GELU,3,256,0.007504328619688749,0.02668788842856884,0.6468670964241028,0.00022116870968602598,106.82000130300003,/content/drive/MyDrive/PINN_Kovasznay_sweep/models/act-GELU_L3_W256.pt,/content/drive/MyDrive/PINN_Kovasznay_sweep/plots/act-GELU_L3_W256.png
act-GELU_L3_W512,GELU,3,512,0.013786625117063522,0.05493282154202461,0.361300528049469,0.0016358395805582404,169.64144730399994,/content/drive/MyDrive/PINN_Kovasznay_sweep/models/act-GELU_L3_W512.pt,/content/drive/MyDrive/PINN_Kovasznay_sweep/plots/act-GELU_L3_W512.png
act-GELU_L4_W64,GELU,4,64,0.00837762001901865,0.03242579847574234,0.5913333892822266,0.0004108211142010987,92.77944154899978,/content/drive/MyDrive/PINN_Kovasznay_sweep/models/act-GELU_L4_W64.pt,/content/drive/MyDrive/PINN_Kovasznay_sweep/plots/act-GELU_L4_W64.png
act-GELU_L4_W128,GELU,4,128,0.006564842537045479,0.023619525134563446,0.02973296120762825,0.000355074240360409,109.05794641099965,/content/drive/MyDrive/PINN_Kovasznay_sweep/models/act-GELU_L4_W128.pt,/content/drive/MyDrive/PINN_Kovasznay_sweep/plots/act-GELU_L4_W128.png
act-GELU_L4_W256,GELU,4,256,0.005688614211976528,0.02067573554813862,0.16358771920204163,0.0002424565318506211,131.35441409199984,/content/drive/MyDrive/PINN_Kovasznay_sweep/models/act-GELU_L4_W256.pt,/content/drive/MyDrive/PINN_Kovasznay_sweep/plots/act-GELU_L4_W256.png
act-GELU_L4_W512,GELU,4,512,0.005337662063539028,0.013944337144494057,0.9214312434196472,0.00022881185577716678,192.776022216,/content/drive/MyDrive/PINN_Kovasznay_sweep/models/act-GELU_L4_W512.pt,/content/drive/MyDrive/PINN_Kovasznay_sweep/plots/act-GELU_L4_W512.png
act-GELU_L5_W64,GELU,5,64,0.0147669343277812,0.03046475164592266,0.9890807867050171,0.0019354063551872969,116.00727572699998,/content/drive/MyDrive/PINN_Kovasznay_sweep/models/act-GELU_L5_W64.pt,/content/drive/MyDrive/PINN_Kovasznay_sweep/plots/act-GELU_L5_W64.png
act-GELU_L5_W128,GELU,5,128,0.013024134561419487,0.03305325284600258,0.2619800865650177,0.005542818456888199,125.30519748699999,/content/drive/MyDrive/PINN_Kovasznay_sweep/models/act-GELU_L5_W128.pt,/content/drive/MyDrive/PINN_Kovasznay_sweep/plots/act-GELU_L5_W128.png
act-GELU_L5_W256,GELU,5,256,0.005700455047190189,0.028054213151335716,0.3471496105194092,0.0002562608860898763,154.0422792739996,/content/drive/MyDrive/PINN_Kovasznay_sweep/models/act-GELU_L5_W256.pt,/content/drive/MyDrive/PINN_Kovasznay_sweep/plots/act-GELU_L5_W256.png
act-GELU_L5_W512,GELU,5,512,0.005858848337084055,0.015221894718706608,0.9764043688774109,0.00031724682776257396,217.0491378239999,/content/drive/MyDrive/PINN_Kovasznay_sweep/models/act-GELU_L5_W512.pt,/content/drive/MyDrive/PINN_Kovasznay_sweep/plots/act-GELU_L5_W512.png
act-Tanh_L3_W64,Tanh,3,64,0.023926833644509315,0.08632342517375946,2.484267234802246,0.003991051111370325,66.0021181080001,/content/drive/MyDrive/PINN_Kovasznay_sweep/models/act-Tanh_L3_W64.pt,/content/drive/MyDrive/PINN_Kovasznay_sweep/plots/act-Tanh_L3_W64.png
act-Tanh_L3_W128,Tanh,3,128,0.016369616612792015,0.08582930266857147,2.670847177505493,0.003187477821484208,67.17736390699974,/content/drive/MyDrive/PINN_Kovasznay_sweep/models/act-Tanh_L3_W128.pt,/content/drive/MyDrive/PINN_Kovasznay_sweep/plots/act-Tanh_L3_W128.png
act-Tanh_L3_W256,Tanh,3,256,0.012101983651518822,0.037900421768426895,2.875826835632324,0.0007300543948076665,77.74954162799986,/content/drive/MyDrive/PINN_Kovasznay_sweep/models/act-Tanh_L3_W256.pt,/content/drive/MyDrive/PINN_Kovasznay_sweep/plots/act-Tanh_L3_W256.png
act-Tanh_L3_W512,Tanh,3,512,0.013258070684969425,0.13484883308410645,2.890009880065918,0.008403323590755463,99.18219420300011,/content/drive/MyDrive/PINN_Kovasznay_sweep/models/act-Tanh_L3_W512.pt,/content/drive/MyDrive/PINN_Kovasznay_sweep/plots/act-Tanh_L3_W512.png
act-Tanh_L4_W64,Tanh,4,64,0.036546964198350906,0.06972837448120117,3.9937589168548584,0.002805392723530531,76.54211868699986,/content/drive/MyDrive/PINN_Kovasznay_sweep/models/act-Tanh_L4_W64.pt,/content/drive/MyDrive/PINN_Kovasznay_sweep/plots/act-Tanh_L4_W64.png
act-Tanh_L4_W128,Tanh,4,128,0.02306247688829899,0.08768359571695328,3.7277283668518066,0.003844731952995062,82.88259642000048,/content/drive/MyDrive/PINN_Kovasznay_sweep/models/act-Tanh_L4_W128.pt,/content/drive/MyDrive/PINN_Kovasznay_sweep/plots/act-Tanh_L4_W128.png
act-Tanh_L4_W256,Tanh,4,256,0.01626059040427208,0.06522107124328613,3.6731386184692383,0.002709140069782734,91.9350763249995,/content/drive/MyDrive/PINN_Kovasznay_sweep/models/act-Tanh_L4_W256.pt,/content/drive/MyDrive/PINN_Kovasznay_sweep/plots/act-Tanh_L4_W256.png
act-Tanh_L4_W512,Tanh,4,512,0.01850615069270134,0.1547544300556183,3.524026870727539,0.009842973202466965,119.1428833179998,/content/drive/MyDrive/PINN_Kovasznay_sweep/models/act-Tanh_L4_W512.pt,/content/drive/MyDrive/PINN_Kovasznay_sweep/plots/act-Tanh_L4_W512.png
act-Tanh_L5_W64,Tanh,5,64,0.01587085798382759,0.07818033546209335,3.9698545932769775,0.002769304672256112,92.49870465200001,/content/drive/MyDrive/PINN_Kovasznay_sweep/models/act-Tanh_L5_W64.pt,/content/drive/MyDrive/PINN_Kovasznay_sweep/plots/act-Tanh_L5_W64.png
act-Tanh_L5_W128,Tanh,5,128,0.018595580011606216,0.0647885724902153,3.30035400390625,0.0016239532269537449,96.69230213599985,/content/drive/MyDrive/PINN_Kovasznay_sweep/models/act-Tanh_L5_W128.pt,/content/drive/MyDrive/PINN_Kovasznay_sweep/plots/act-Tanh_L5_W128.png
act-Tanh_L5_W256,Tanh,5,256,0.010293583385646343,0.03798651695251465,3.2304859161376953,0.0008574657258577645,107.29279068600044,/content/drive/MyDrive/PINN_Kovasznay_sweep/models/act-Tanh_L5_W256.pt,/content/drive/MyDrive/PINN_Kovasznay_sweep/plots/act-Tanh_L5_W256.png
act-Tanh_L5_W512,Tanh,5,512,0.01068730466067791,0.0316026471555233,2.584728240966797,0.0021108107175678015,138.3068109879996,/content/drive/MyDrive/PINN_Kovasznay_sweep/models/act-Tanh_L5_W512.pt,/content/drive/MyDrive/PINN_Kovasznay_sweep/plots/act-Tanh_L5_W512.png
